Tue Dec 02 02:13:47 CST 2025,4,Rodrigo Sánches,1
Tue Dec 02 02:13:47 CST 2025,4,Rodrigo Sánches,2
Tue Dec 02 02:13:47 CST 2025,4,Rodrigo Sánches,2
Tue Dec 02 02:14:11 CST 2025,4,Rodrigo Sánches,3
Tue Dec 02 02:14:11 CST 2025,4,Rodrigo Sánches,4
Tue Dec 02 02:14:11 CST 2025,4,Rodrigo Sánches,5
Tue Dec 02 02:14:11 CST 2025,4,Rodrigo Sánches,6
Tue Dec 02 02:14:11 CST 2025,4,Rodrigo Sánches,6
Tue Dec 02 02:30:18 CST 2025,4,Rodrigo Sánches,2
Tue Dec 02 02:30:27 CST 2025,4,Rodrigo Sánches,4
Tue Dec 02 02:32:23 CST 2025,4,Rodrigo Sánches,1
Tue Dec 02 02:32:38 CST 2025,4,Rodrigo Sánches,3
Thu Dec 04 14:01:26 CST 2025,4,Rodrigo Sánches,3
Thu Dec 11 13:05:06 CST 2025,11,Cocinero Uno,2
